id,final_rank,designed_sequence,designed_chain_sequence,num_design,design_to_target_iptm,min_design_to_target_pae,design_ptm,filter_rmsd,designfolding-filter_rmsd,plip_hbonds_refolded,delta_sasa_refolded,design_largest_hydrophobic_patch_refolded,design_chain_hydrophobicity,design_hydrophobicity,loop,helix,sheet,file_name,num_prot_tokens,num_lig_atoms,num_resolved_tokens,num_tokens,UNK_fraction,GLY_fraction,ALA_fraction,CYS_fraction,SER_fraction,PRO_fraction,THR_fraction,VAL_fraction,ILE_fraction,ASN_fraction,ASP_fraction,LEU_fraction,MET_fraction,GLN_fraction,GLU_fraction,LYS_fraction,HIS_fraction,PHE_fraction,ARG_fraction,TYR_fraction,TRP_fraction,liability_score,liability_num_violations,liability_high_severity_violations,liability_medium_severity_violations,liability_low_severity_violations,liability_ProtTryp_count,liability_MetOx_count,liability_HydroPatch_count,liability_MetOx_position,liability_MetOx_length,liability_MetOx_severity,liability_MetOx_details,liability_MetOx_positions,liability_MetOx_num_positions,liability_MetOx_global_details,liability_MetOx_avg_severity,liability_AspBridge_count,liability_AspBridge_position,liability_AspBridge_length,liability_AspBridge_severity,liability_AspBridge_details,liability_AspBridge_positions,liability_AspBridge_num_positions,liability_AspBridge_global_details,liability_AspBridge_avg_severity,liability_AspCleave_count,liability_AspCleave_position,liability_AspCleave_length,liability_AspCleave_severity,liability_AspCleave_details,liability_AspCleave_positions,liability_AspCleave_num_positions,liability_AspCleave_global_details,liability_AspCleave_avg_severity,liability_DPP4_count,liability_DPP4_position,liability_DPP4_length,liability_DPP4_severity,liability_DPP4_details,liability_DPP4_positions,liability_DPP4_num_positions,liability_DPP4_global_details,liability_DPP4_avg_severity,liability_HydroPatch_position,liability_HydroPatch_length,liability_HydroPatch_severity,liability_HydroPatch_details,liability_HydroPatch_positions,liability_HydroPatch_num_positions,liability_HydroPatch_global_details,liability_HydroPatch_avg_severity,liability_NTCycl_count,liability_NTCycl_position,liability_NTCycl_length,liability_NTCycl_severity,liability_NTCycl_details,liability_NTCycl_positions,liability_NTCycl_num_positions,liability_NTCycl_global_details,liability_NTCycl_avg_severity,liability_ProtTryp_position,liability_ProtTryp_length,liability_ProtTryp_severity,liability_ProtTryp_details,liability_ProtTryp_positions,liability_ProtTryp_num_positions,liability_ProtTryp_global_details,liability_ProtTryp_avg_severity,liability_TrpOx_count,liability_TrpOx_position,liability_TrpOx_length,liability_TrpOx_severity,liability_TrpOx_details,liability_TrpOx_positions,liability_TrpOx_num_positions,liability_TrpOx_global_details,liability_TrpOx_avg_severity,liability_violations_summary,native_rmsd,native_rmsd_bb,native_rmsd_refolded,native_rmsd_bb_refolded,designfolding-bb_rmsd,designfolding-bb_rmsd_design,designfolding-bb_rmsd_target,designfolding-bb_rmsd_design_target,designfolding-bb_target_aligned_rmsd_design,designfolding-bb_rmsd<2.5,designfolding-bb_target_aligned<2.5,designfolding-bb_designability_rmsd_2,designfolding-bb_designability_rmsd_4,designfolding-ligand_iptm,designfolding-interaction_pae,designfolding-min_interaction_pae,designfolding-min_design_to_target_pae,designfolding-iptm,designfolding-ptm,designfolding-protein_iptm,designfolding-design_iptm,designfolding-design_iiptm,designfolding-design_to_target_iptm,designfolding-target_ptm,designfolding-design_ptm,designfolding-min_interaction_pae<1.5,designfolding-min_interaction_pae<2,designfolding-min_interaction_pae<2.5,designfolding-min_interaction_pae<3,designfolding-min_interaction_pae<4,designfolding-min_interaction_pae<5,designfolding-design_ptm>80,designfolding-design_ptm>75,designfolding-design_iptm>80,designfolding-design_iptm>70,designfolding-design_iptm>60,designfolding-design_iptm>50,bb_rmsd,bb_rmsd_design,bb_rmsd_target,bb_rmsd_design_target,bb_target_aligned_rmsd_design,bb_rmsd<2.5,bb_target_aligned<2.5,bb_designability_rmsd_2,bb_designability_rmsd_4,ligand_iptm,interaction_pae,min_interaction_pae,iptm,ptm,protein_iptm,design_iptm,design_iiptm,target_ptm,min_interaction_pae<1.5,min_interaction_pae<2,min_interaction_pae<2.5,min_interaction_pae<3,min_interaction_pae<4,min_interaction_pae<5,design_ptm>80,design_ptm>75,design_iptm>80,design_iptm>70,design_iptm>60,design_iptm>50,design_sasa_unbound_refolded,design_sasa_bound_refolded,plip_saltbridge_refolded,liability_UnpairedCys_count,liability_UnpairedCys_position,liability_UnpairedCys_length,liability_UnpairedCys_severity,liability_UnpairedCys_details,liability_details,filter_rmsd_design,neg_min_design_to_target_pae,neg_design_hydrophobicity,neg_design_largest_hydrophobic_patch_refolded,neg_min_interaction_pae,has_x,num_filters_passed,pass_has_x_filter,pass_filters,pass_filter_rmsd_filter,pass_filter_rmsd_design_filter,pass_designfolding-filter_rmsd_filter,pass_ALA_fraction_filter,pass_GLY_fraction_filter,pass_GLU_fraction_filter,pass_LEU_fraction_filter,pass_VAL_fraction_filter,rank_design_to_target_iptm,rank_design_ptm,rank_neg_min_design_to_target_pae,rank_plip_hbonds_refolded,rank_plip_saltbridge_refolded,rank_delta_sasa_refolded,max_rank,secondary_rank,quality_score
1g13prot_0,1,SRKETIEKTFEDLKKILEKGSFGVLQILIMAALAGVVPPLGLAFYTSLQELAEAGKAGKENPEVLEAELARLEETYERLLKELE,SRKETIEKTFEDLKKILEKGSFGVLQILIMAALAGVVPPLGLAFYTSLQELAEAGKAGKENPEVLEAELARLEETYERLLKELE,84,0.65839,2.71328,0.72922,1.11162,5.58869,3,2150.12988,2141.5752,58.1566,58.1566,0.09524,0.90476,0.0,1g13prot_0.cif,246,0,246.0,246.0,0.0,0.07143,0.10714,0.0,0.03571,0.03571,0.04762,0.04762,0.04762,0.0119,0.0119,0.17857,0.0119,0.02381,0.17857,0.09524,0.0,0.03571,0.03571,0.02381,0.0,120,13,11,2,0,0,0,0,30,1,5,,,0,,0.0,0,-1,0,0,,,0,,0.0,0,-1,0,0,,,0,,0.0,0,-1,0,0,,,0,,0.0,27,3,5,,,0,,0.0,0,-1,0,0,,,0,,0.0,-1,0,0,,2-81,11,,10.0,0,-1,0,0,,,0,,0.0,"ProtTrypx11(pos2-81,sev10); MetOx(pos30,sev5); HydroPatch(pos27,sev5)",0.0,0.0,0.0,0.0,5.58869,5.58869,,,,False,False,False,False,0.0,0.0,100000.25,100000.25,0.0,0.39952,0.0,0.0,0.0,0.0,0.0,0.39952,False,False,False,False,False,False,False,False,False,False,False,False,1.11162,0.64341,0.9098,2.02896,2.02896,True,True,True,True,0.0,10.85475,2.71328,0.65839,0.69081,0.65839,0.65839,0.68399,0.74543,False,False,False,True,True,True,False,False,False,False,True,True,10099.27148,7949.1416,4,,,,,,,0.64341,-2.71328,-58.1566,-2141.5752,-2.71328,False,3,True,False,True,True,False,True,True,True,True,True,1.0,2.0,1.0,1.0,0.5,1.0,2.0,1,1.0
1g13prot_2,2,GAIALLIAVALAVLTLAREALAELEKEGKLAELEELARKYLDRINKEAKKYTPCPLSLRGTLLGLALLMKLKKLTVEELEEELETDERVVEQVAGAALAVGLGATILLGAGG,GAIALLIAVALAVLTLAREALAELEKEGKLAELEELARKYLDRINKEAKKYTPCPLSLRGTLLGLALLMKLKKLTVEELEEELETDERVVEQVAGAALAVGLGATILLGAGG,112,0.40357,6.37766,0.7322,1.37533,6.4006,7,2171.13525,2109.72412,61.354,61.354,0.17857,0.82143,0.0,1g13prot_2.cif,274,0,274.0,274.0,0.0,0.08929,0.16071,0.00893,0.00893,0.01786,0.05357,0.0625,0.03571,0.00893,0.01786,0.23214,0.00893,0.00893,0.14286,0.08036,0.0,0.0,0.04464,0.01786,0.0,165,18,15,3,0,0,0,0,69,1,5,,,0,,0.0,0,-1,0,0,,,0,,0.0,0,-1,0,0,,,0,,0.0,0,-1,0,0,,,0,,0.0,-1,0,0,,5-106,2,,5.0,0,-1,0,0,,,0,,0.0,-1,0,0,,18-88,14,,10.0,0,-1,0,0,,,0,,0.0,"ProtTrypx14(pos18-88,sev10); MetOx(pos69,sev5); HydroPatchx2(pos5-106,sev5); UnpairedCys(pos54,sev10)",0.0,0.0,0.0,0.0,6.4006,6.4006,,,,False,False,False,False,0.0,0.0,100000.25,100000.25,0.0,0.70555,0.0,0.0,0.0,0.0,0.0,0.70555,False,False,False,False,False,False,False,False,False,False,False,False,1.37533,1.00278,1.42762,1.66049,1.66049,True,True,True,True,0.0,14.72643,6.37766,0.40357,0.54726,0.40357,0.40357,0.41794,0.66402,False,False,False,False,False,False,False,False,False,False,False,False,9908.07031,7736.93506,2,1.0,54.0,1.0,10.0,,,1.00278,-6.37766,-61.354,-2109.72412,-6.37766,False,3,True,False,True,True,False,True,True,True,True,True,2.0,1.0,2.0,0.5,1.0,0.5,2.0,1,0.8888888888888888
1g13prot_4,3,EVQVQQSGPSTVTAGESVKLSCAVSGGNFTNLVISWYRQAPGKPRELVAIILGNGNTGYADSVKGRFTISRDNSKSTVYLQMNSLRSEDVATYSCAASNEDDAIQIALLALLLLL,EVQVQQSGPSTVTAGESVKLSCAVSGGNFTNLVISWYRQAPGKPRELVAIILGNGNTGYADSVKGRFTISRDNSKSTVYLQMNSLRSEDVATYSCAASNEDDAIQIALLALLLLL,115,0.40123,6.46954,0.67997,1.41447,3.47532,2,1551.22607,1283.58118,50.921,50.921,0.37391,0.17391,0.45217,1g13prot_4.cif,277,0,277.0,277.0,0.0,0.07826,0.09565,0.01739,0.12174,0.02609,0.06087,0.08696,0.05217,0.06087,0.04348,0.11304,0.0087,0.05217,0.04348,0.03478,0.0,0.01739,0.04348,0.03478,0.0087,165,19,14,5,0,0,0,0,82,1,5,,,0,,0.0,0,-1,0,0,,54-83,3,,10.0,0,61,2,10,,,0,,0.0,0,-1,0,0,,,0,,0.0,-1,0,0,,32-111,4,,5.0,0,-1,0,0,,,0,,0.0,-1,0,0,,19-86,9,,10.0,0,36,1,10,,,0,,0.0,"AspBridgex3(pos54-83,sev10); AspCleave(pos61,sev10); ProtTrypx9(pos19-86,sev10); MetOx(pos82,sev5); TrpOx(pos36,sev10); HydroPatchx4(pos32-111,sev5)",0.0,0.0,0.0,0.0,3.47532,3.47532,,,,False,False,False,True,0.0,0.0,100000.25,100000.25,0.0,0.71935,0.0,0.0,0.0,0.0,0.0,0.71935,False,False,False,False,False,False,False,False,False,False,False,False,1.41447,0.91501,1.43141,2.0914,2.0914,True,True,True,True,0.0,19.8068,6.46954,0.40123,0.5069,0.40123,0.40123,0.40123,0.6877,False,False,False,False,False,False,False,False,False,False,False,False,9401.38965,7850.16357,1,,,,,,,0.91501,-6.46954,-50.921,-1283.58118,-6.46954,False,3,True,False,True,True,False,True,True,True,True,True,3.0,3.0,3.0,2.0,2.0,2.0,3.0,2,0.7777777777777778
1g13prot_1,4,KLEEALASLPAEARAALLAGAEEVRETALKLGFSEETARKLAEGYLLFRAGVLTGDVELLKEAKKILEENRDALKALREANPRLAELQRYGTLAAIGVAAGAPLGAGIAALLAAP,KLEEALASLPAEARAALLAGAEEVRETALKLGFSEETARKLAEGYLLFRAGVLTGDVELLKEAKKILEENRDALKALREANPRLAELQRYGTLAAIGVAAGAPLGAGIAALLAAP,115,0.30547,8.10343,0.63804,1.03026,11.27787,3,2100.37109,1406.83801,54.4809,54.4809,0.16522,0.83478,0.0,1g13prot_1.cif,277,0,277.0,277.0,0.0,0.08696,0.23478,0.0,0.01739,0.03478,0.03478,0.03478,0.02609,0.01739,0.01739,0.1913,0.0,0.0087,0.13043,0.06087,0.0,0.01739,0.06957,0.01739,0.0,155,16,15,1,0,0,0,0,-1,0,0,,,0,,0.0,0,-1,0,0,,,0,,0.0,0,-1,0,0,,,0,,0.0,0,-1,0,0,,,0,,0.0,45,4,5,,,0,,0.0,0,-1,0,0,,,0,,0.0,-1,0,0,,1-89,15,,10.0,0,-1,0,0,,,0,,0.0,"ProtTrypx15(pos1-89,sev10); HydroPatch(pos45,sev5)",0.0,0.0,0.0,0.0,11.27787,11.27787,,,,False,False,False,False,0.0,0.0,100000.25,100000.25,0.0,0.6504,0.0,0.0,0.0,0.0,0.0,0.6504,False,False,False,False,False,False,False,False,False,False,False,False,1.03026,0.81679,0.82728,1.54657,1.54657,True,True,True,True,0.0,18.95708,8.10343,0.30547,0.53595,0.30547,0.30547,0.3253,0.7295,False,False,False,False,False,False,False,False,False,False,False,False,9814.11035,7713.73926,2,,,,,,,0.81679,-8.10343,-54.4809,-1406.83801,-8.10343,False,3,True,False,True,True,False,True,True,True,True,True,4.0,4.0,4.0,1.0,1.0,1.5,4.0,3,0.6666666666666667
1g13prot_6,5,QIQLVESGGGLVQAGGSLRLSCAASPALTSSDAMGWSRQAPGKRGELVAEYPSGYVADSVKGRFTISRDTSKGTAYLQMNSLKSEDTALYYCAVGRRSGSGVAFYAGQGTQVTVS,QIQLVESGGGLVQAGGSLRLSCAASPALTSSDAMGWSRQAPGKRGELVAEYPSGYVADSVKGRFTISRDTSKGTAYLQMNSLKSEDTALYYCAVGRRSGSGVAFYAGQGTQVTVS,115,0.29119,12.52835,0.7417,7.04537,1.10483,3,742.13086,615.26257,41.7612,41.7612,0.4,0.05217,0.54783,1g13prot_6.cif,277,0,277.0,277.0,0.0,0.13913,0.11304,0.01739,0.13913,0.02609,0.06087,0.07826,0.01739,0.0087,0.03478,0.07826,0.01739,0.06087,0.03478,0.03478,0.0,0.01739,0.06087,0.05217,0.0087,160,18,14,4,0,0,0,0,-1,0,0,,34-79,2,,5.0,0,80,2,10,,,0,,0.0,0,58,2,10,,,0,,0.0,0,-1,0,0,,,0,,0.0,89,3,5,,,0,,0.0,0,1,1,5,,,0,,0.0,-1,0,0,,19-97,11,,10.0,0,36,1,10,,,0,,0.0,"AspBridge(pos80,sev10); AspCleave(pos58,sev10); NTCycl(pos1,sev5); ProtTrypx11(pos19-97,sev10); MetOxx2(pos34-79,sev5); TrpOx(pos36,sev10); HydroPatch(pos89,sev5)",0.0,0.0,0.0,0.0,1.10483,1.10483,,,,True,False,True,True,0.0,0.0,100000.25,100000.25,0.0,0.79519,0.0,0.0,0.0,0.0,0.0,0.79519,False,False,False,False,False,False,False,True,False,False,False,False,7.04537,1.48114,1.0677,15.04567,15.04567,False,False,True,True,0.0,20.51476,12.52835,0.29119,0.53319,0.29119,0.29119,0.32928,0.72319,False,False,False,False,False,False,False,False,False,False,False,False,9707.34668,8965.21582,2,,,,,,,1.48114,-12.52835,-41.7612,-615.26257,-12.52835,False,1,True,False,False,True,True,True,True,True,True,True,6.0,8.0,6.0,3.5,2.5,4.5,8.0,4,0.5555555555555556
1g13prot_5,6,QVQLVESGGGLVQAGGSLRLSCAASGFNLSSYGMGWARQAPGKRGEGVAGITASGGGTGYADSVKGRFTISRDNSKNTVYLQMNSLKPEDTAVYYCVAGGSYGGGFGAAWGQGTQVTVS,QVQLVESGGGLVQAGGSLRLSCAASGFNLSSYGMGWARQAPGKRGEGVAGITASGGGTGYADSVKGRFTISRDNSKNTVYLQMNSLKPEDTAVYYCVAGGSYGGGFGAAWGQGTQVTVS,119,0.21461,15.28208,0.77379,12.66613,2.03053,3,1198.50879,550.94501,41.1613,41.1613,0.44538,0.07563,0.47899,1g13prot_5.cif,281,0,281.0,281.0,0.0,0.21008,0.10084,0.01681,0.10924,0.01681,0.05882,0.08403,0.01681,0.03361,0.02521,0.05882,0.01681,0.05882,0.02521,0.03361,0.0,0.02521,0.04202,0.05042,0.01681,165,19,14,5,0,0,0,0,-1,0,0,,34-83,2,,5.0,0,-1,0,0,,74-84,2,,10.0,0,62,2,10,,,0,,0.0,0,-1,0,0,,,0,,0.0,-1,0,0,,79-93,2,,5.0,0,1,1,5,,,0,,0.0,-1,0,0,,19-87,9,,10.0,0,-1,0,0,,36-110,2,,10.0,"AspBridgex2(pos74-84,sev10); AspCleave(pos62,sev10); NTCycl(pos1,sev5); ProtTrypx9(pos19-87,sev10); MetOxx2(pos34-83,sev5); TrpOxx2(pos36-110,sev10); HydroPatchx2(pos79-93,sev5)",0.0,0.0,0.0,0.0,2.03053,2.03053,,,,True,False,False,True,0.0,0.0,100000.25,100000.25,0.0,0.75303,0.0,0.0,0.0,0.0,0.0,0.75303,False,False,False,False,False,False,False,True,False,False,False,False,12.66613,4.13412,0.71922,23.6152,23.6152,False,False,False,False,0.0,22.4654,15.28208,0.21461,0.50251,0.21461,0.21461,0.24117,0.73138,False,False,False,False,False,False,False,True,False,False,False,False,9805.97363,8607.46484,0,,,,,,,4.13412,-15.28208,-41.1613,-550.94501,-15.28208,False,1,True,False,False,False,True,True,False,True,True,True,7.0,6.0,8.0,3.5,4.0,3.5,8.0,4,0.4444444444444444
1g13prot_7,7,AAAAALGAAAAAELYAFAATAAAAGGVVIGALAAFRLAAAGAGAFVTAGGAAARAAAAAVRAALGEMFAAVNAGDREAGKAAGLAARAAAAA,AAAAALGAAAAAELYAFAATAAAAGGVVIGALAAFRLAAAGAGAFVTAGGAAARAAAAAVRAALGEMFAAVNAGDREAGKAAGLAARAAAAA,92,0.48547,4.83106,0.62574,4.30853,8.02302,5,2012.00879,3276.16113,42.6836,42.6836,0.1087,0.8913,0.0,1g13prot_7.cif,254,0,254.0,254.0,0.0,0.13043,0.53261,0.0,0.0,0.0,0.02174,0.05435,0.01087,0.01087,0.01087,0.06522,0.01087,0.0,0.03261,0.01087,0.0,0.04348,0.05435,0.01087,0.0,85,10,7,3,0,0,0,0,67,1,5,,,0,,0.0,0,72,2,10,,,0,,0.0,0,-1,0,0,,,0,,0.0,0,1,1,5,,,0,,0.0,27,3,5,,,0,,0.0,0,-1,0,0,,,0,,0.0,-1,0,0,,36-87,6,,10.0,0,-1,0,0,,,0,,0.0,"AspBridge(pos72,sev10); ProtTrypx6(pos36-87,sev10); DPP4(pos1,sev5); MetOx(pos67,sev5); HydroPatch(pos27,sev5)",0.0,0.0,0.0,0.0,8.02302,8.02302,,,,False,False,False,False,0.0,0.0,100000.25,100000.25,0.0,0.38992,0.0,0.0,0.0,0.0,0.0,0.38992,False,False,False,False,False,False,False,False,False,False,False,False,4.30853,5.21292,1.02588,8.00066,8.00066,False,False,False,False,0.0,14.07128,4.83106,0.48547,0.63969,0.48547,0.48547,0.48547,0.75281,False,False,False,False,False,True,False,False,False,False,False,False,9805.27148,7793.2627,0,,,,,,,5.21292,-4.83106,-42.6836,-3276.16113,-4.83106,False,1,True,False,False,False,False,False,True,True,True,True,5.0,9.0,5.0,2.5,4.0,2.5,9.0,5,0.33333333333333337
1g13prot_9,8,QVQLVESGGGLVQAGGSLRLSCAASGFSFSSYGISWVRQAPGKGREVVAGIGSGGNTGYAPSVKGRFTISADTSKNTAYLQMNSLKPEDTAVYYCATGGLGCAAGQPATSGCFPYWGQGTQVTVSS,QVQLVESGGGLVQAGGSLRLSCAASGFSFSSYGISWVRQAPGKGREVVAGIGSGGNTGYAPSVKGRFTISADTSKNTAYLQMNSLKPEDTAVYYCATGGLGCAAGQPATSGCFPYWGQGTQVTVSS,126,0.14148,18.23769,0.75202,10.77833,1.45239,2,922.62109,302.05127,42.9987,42.9987,0.5,0.02381,0.47619,1g13prot_9.cif,288,0,288.0,288.0,0.0,0.1746,0.10317,0.03175,0.12698,0.03968,0.07143,0.07937,0.02381,0.02381,0.01587,0.05556,0.00794,0.06349,0.02381,0.03175,0.0,0.03175,0.03175,0.04762,0.01587,125,14,11,3,0,0,0,0,82,1,5,,,0,,0.0,0,83,2,10,,,0,,0.0,0,-1,0,0,,,0,,0.0,0,-1,0,0,,,0,,0.0,92,3,5,,,0,,0.0,0,1,1,5,,,0,,0.0,-1,0,0,,19-86,8,,10.0,0,-1,0,0,,36-116,2,,10.0,"AspBridge(pos83,sev10); NTCycl(pos1,sev5); ProtTrypx8(pos19-86,sev10); MetOx(pos82,sev5); TrpOxx2(pos36-116,sev10); HydroPatch(pos92,sev5)",0.0,0.0,0.0,0.0,1.45239,1.45239,,,,True,False,True,True,0.0,0.0,100000.25,100000.25,0.0,0.75138,0.0,0.0,0.0,0.0,0.0,0.75138,False,False,False,False,False,False,False,True,False,False,False,False,10.77833,1.41939,1.26413,33.95238,33.95238,False,False,True,True,0.0,24.76093,18.23769,0.14148,0.45759,0.14148,0.14148,0.14148,0.71912,False,False,False,False,False,False,False,True,False,False,False,False,9600.50781,8677.88672,0,,,,,,,1.41939,-18.23769,-42.9987,-302.05127,-18.23769,False,1,True,False,False,True,True,True,True,True,True,True,9.0,7.0,9.0,4.5,4.0,4.0,9.0,5,0.2222222222222222
1g13prot_8,9,VAAGLGGALGAIGGGGGVGGAAAAGAAGAGGLVGAIGAALGAAAGGAAAAGAGAALGGFRNPAAGTSGAAGAALAAAVPGGGAAIGLAAGAAAA,VAAGLGGALGAIGGGGGVGGAAAAGAAGAGGLVGAIGAALGAAAGGAAAAGAGAALGGFRNPAAGTSGAAGAALAAAVPGGGAAIGLAAGAAAA,94,0.19858,13.84935,0.26543,7.42467,8.56392,5,1776.57617,2224.32422,36.1479,36.1479,0.08511,0.91489,0.0,1g13prot_8.cif,256,0,256.0,256.0,0.0,0.34043,0.43617,0.0,0.01064,0.02128,0.01064,0.04255,0.03191,0.01064,0.0,0.07447,0.0,0.0,0.0,0.0,0.0,0.01064,0.01064,0.0,0.0,10,1,1,0,0,0,0,0,-1,0,0,,,0,,0.0,0,-1,0,0,,,0,,0.0,0,-1,0,0,,,0,,0.0,0,-1,0,0,,,0,,0.0,-1,0,0,,,0,,0.0,0,-1,0,0,,,0,,0.0,60,1,10,,,0,,0.0,0,-1,0,0,,,0,,0.0,"ProtTryp(pos60,sev10)",0.0,0.0,0.0,0.0,8.56392,8.56392,,,,False,False,False,False,0.0,0.0,100000.25,100000.25,0.0,0.29165,0.0,0.0,0.0,0.0,0.0,0.29165,False,False,False,False,False,False,False,False,False,False,False,False,7.42467,11.16859,1.05423,12.60146,12.60146,False,False,False,False,0.0,21.41774,13.84935,0.19858,0.55871,0.19858,0.19858,0.19873,0.76768,False,False,False,False,False,False,False,False,False,False,False,False,9372.5,7595.92383,1,,,,,,,11.16859,-13.84935,-36.1479,-2224.32422,-13.84935,False,1,True,False,False,False,False,False,False,True,True,True,8.0,10.0,7.0,2.5,3.0,3.0,10.0,6,0.11111111111111116
1g13prot_3,10,EVQLVESGGGLVQAGGSLRLSCAASGFTFSSYGMGWVRQAPGKGRELVATISNDGSNTYYADSVKGRFTISRDNAKNTLYLQMNSLRAEDTAVYYCARDRYGYGYYFDYWGQGTQVTVS,EVQLVESGGGLVQAGGSLRLSCAASGFTFSSYGMGWVRQAPGKGRELVATISNDGSNTYYADSVKGRFTISRDNAKNTLYLQMNSLRAEDTAVYYCARDRYGYGYYFDYWGQGTQVTVS,119,0.13784,18.85536,0.78246,19.12346,0.63756,0,544.88086,303.61453,46.8825,46.8825,0.46218,0.05042,0.48739,1g13prot_3.cif,281,0,281.0,281.0,0.0,0.13445,0.08403,0.01681,0.10084,0.0084,0.06723,0.07563,0.01681,0.04202,0.05042,0.06723,0.01681,0.05042,0.03361,0.02521,0.0,0.03361,0.06723,0.09244,0.01681,195,22,17,5,0,0,0,0,-1,0,0,,34-83,2,,5.0,0,-1,0,0,,74-84,2,,10.0,0,-1,0,0,,54-62,2,,10.0,0,-1,0,0,,,0,,0.0,-1,0,0,,79-105,3,,5.0,0,-1,0,0,,,0,,0.0,-1,0,0,,19-100,11,,10.0,0,-1,0,0,,36-110,2,,10.0,"AspBridgex2(pos74-84,sev10); AspCleavex2(pos54-62,sev10); ProtTrypx11(pos19-100,sev10); MetOxx2(pos34-83,sev5); TrpOxx2(pos36-110,sev10); HydroPatchx3(pos79-105,sev5)",0.0,0.0,0.0,0.0,0.63756,0.63756,,,,True,False,True,True,0.0,0.0,100000.25,100000.25,0.0,0.76202,0.0,0.0,0.0,0.0,0.0,0.76202,False,False,False,False,False,False,False,True,False,False,False,False,19.12346,0.74771,0.56227,58.06954,58.06954,False,False,True,True,0.0,25.53687,18.85536,0.13784,0.48175,0.13784,0.13784,0.14928,0.74678,False,False,False,False,False,False,False,True,False,False,False,False,9604.00781,9059.12695,1,,,,,,,0.74771,-18.85536,-46.8825,-303.61453,-18.85536,False,1,True,False,False,True,True,True,True,True,True,True,10.0,5.0,10.0,5.0,3.0,5.0,10.0,6,0.0
