id,file_name,designed_sequence,designed_chain_sequence,num_prot_tokens,num_lig_atoms,num_resolved_tokens,num_tokens,num_design,UNK_fraction,GLY_fraction,ALA_fraction,CYS_fraction,SER_fraction,PRO_fraction,THR_fraction,VAL_fraction,ILE_fraction,ASN_fraction,ASP_fraction,LEU_fraction,MET_fraction,GLN_fraction,GLU_fraction,LYS_fraction,HIS_fraction,PHE_fraction,ARG_fraction,TYR_fraction,TRP_fraction,loop,helix,sheet,liability_score,liability_num_violations,liability_high_severity_violations,liability_medium_severity_violations,liability_low_severity_violations,liability_ProtTryp_count,liability_MetOx_count,liability_HydroPatch_count,liability_MetOx_position,liability_MetOx_length,liability_MetOx_severity,liability_MetOx_details,liability_MetOx_positions,liability_MetOx_num_positions,liability_MetOx_global_details,liability_MetOx_avg_severity,liability_AspBridge_count,liability_AspBridge_position,liability_AspBridge_length,liability_AspBridge_severity,liability_AspBridge_details,liability_AspBridge_positions,liability_AspBridge_num_positions,liability_AspBridge_global_details,liability_AspBridge_avg_severity,liability_AspCleave_count,liability_AspCleave_position,liability_AspCleave_length,liability_AspCleave_severity,liability_AspCleave_details,liability_AspCleave_positions,liability_AspCleave_num_positions,liability_AspCleave_global_details,liability_AspCleave_avg_severity,liability_DPP4_count,liability_DPP4_position,liability_DPP4_length,liability_DPP4_severity,liability_DPP4_details,liability_DPP4_positions,liability_DPP4_num_positions,liability_DPP4_global_details,liability_DPP4_avg_severity,liability_HydroPatch_position,liability_HydroPatch_length,liability_HydroPatch_severity,liability_HydroPatch_details,liability_HydroPatch_positions,liability_HydroPatch_num_positions,liability_HydroPatch_global_details,liability_HydroPatch_avg_severity,liability_NTCycl_count,liability_NTCycl_position,liability_NTCycl_length,liability_NTCycl_severity,liability_NTCycl_details,liability_NTCycl_positions,liability_NTCycl_num_positions,liability_NTCycl_global_details,liability_NTCycl_avg_severity,liability_ProtTryp_position,liability_ProtTryp_length,liability_ProtTryp_severity,liability_ProtTryp_details,liability_ProtTryp_positions,liability_ProtTryp_num_positions,liability_ProtTryp_global_details,liability_ProtTryp_avg_severity,liability_TrpOx_count,liability_TrpOx_position,liability_TrpOx_length,liability_TrpOx_severity,liability_TrpOx_details,liability_TrpOx_positions,liability_TrpOx_num_positions,liability_TrpOx_global_details,liability_TrpOx_avg_severity,liability_violations_summary,native_rmsd,native_rmsd_bb,native_rmsd_refolded,native_rmsd_bb_refolded,designfolding-bb_rmsd,designfolding-bb_rmsd_design,designfolding-bb_rmsd_target,designfolding-bb_rmsd_design_target,designfolding-bb_target_aligned_rmsd_design,designfolding-bb_rmsd<2.5,designfolding-bb_target_aligned<2.5,designfolding-bb_designability_rmsd_2,designfolding-bb_designability_rmsd_4,designfolding-ligand_iptm,designfolding-interaction_pae,designfolding-min_interaction_pae,designfolding-min_design_to_target_pae,designfolding-iptm,designfolding-ptm,designfolding-protein_iptm,designfolding-design_iptm,designfolding-design_iiptm,designfolding-design_to_target_iptm,designfolding-target_ptm,designfolding-design_ptm,designfolding-min_interaction_pae<1.5,designfolding-min_interaction_pae<2,designfolding-min_interaction_pae<2.5,designfolding-min_interaction_pae<3,designfolding-min_interaction_pae<4,designfolding-min_interaction_pae<5,designfolding-design_ptm>80,designfolding-design_ptm>75,designfolding-design_iptm>80,designfolding-design_iptm>70,designfolding-design_iptm>60,designfolding-design_iptm>50,bb_rmsd,bb_rmsd_design,bb_rmsd_target,bb_rmsd_design_target,bb_target_aligned_rmsd_design,bb_rmsd<2.5,bb_target_aligned<2.5,bb_designability_rmsd_2,bb_designability_rmsd_4,ligand_iptm,interaction_pae,min_interaction_pae,min_design_to_target_pae,iptm,ptm,protein_iptm,design_iptm,design_iiptm,design_to_target_iptm,target_ptm,design_ptm,min_interaction_pae<1.5,min_interaction_pae<2,min_interaction_pae<2.5,min_interaction_pae<3,min_interaction_pae<4,min_interaction_pae<5,design_ptm>80,design_ptm>75,design_iptm>80,design_iptm>70,design_iptm>60,design_iptm>50,design_largest_hydrophobic_patch_refolded,design_chain_hydrophobicity,design_hydrophobicity,delta_sasa_refolded,design_sasa_unbound_refolded,design_sasa_bound_refolded,plip_hbonds_refolded,plip_saltbridge_refolded,liability_UnpairedCys_count,liability_UnpairedCys_position,liability_UnpairedCys_length,liability_UnpairedCys_severity,liability_UnpairedCys_details,liability_details
1g13prot_0,1g13prot_0.cif,SRKETIEKTFEDLKKILEKGSFGVLQILIMAALAGVVPPLGLAFYTSLQELAEAGKAGKENPEVLEAELARLEETYERLLKELE,SRKETIEKTFEDLKKILEKGSFGVLQILIMAALAGVVPPLGLAFYTSLQELAEAGKAGKENPEVLEAELARLEETYERLLKELE,246,0,246.00000,246.00000,84,0.00000,0.07143,0.10714,0.00000,0.03571,0.03571,0.04762,0.04762,0.04762,0.01190,0.01190,0.17857,0.01190,0.02381,0.17857,0.09524,0.00000,0.03571,0.03571,0.02381,0.00000,0.09524,0.90476,0.00000,120,13,11,2,0,0,0,0,30,1,5,,,0,,0.00000,0,-1,0,0,,,0,,0.00000,0,-1,0,0,,,0,,0.00000,0,-1,0,0,,,0,,0.00000,27,3,5,,,0,,0.00000,0,-1,0,0,,,0,,0.00000,-1,0,0,,2-81,11,,10.00000,0,-1,0,0,,,0,,0.00000,"ProtTrypx11(pos2-81,sev10); MetOx(pos30,sev5); HydroPatch(pos27,sev5)",0.00000,0.00000,0.00000,0.00000,5.58869,5.58869,,,,False,False,False,False,0.00000,0.00000,100000.25000,100000.25000,0.00000,0.39952,0.00000,0.00000,0.00000,0.00000,0.00000,0.39952,False,False,False,False,False,False,False,False,False,False,False,False,1.11162,0.64341,0.90980,2.02896,2.02896,True,True,True,True,0.00000,10.85475,2.71328,2.71328,0.65839,0.69081,0.65839,0.65839,0.68399,0.65839,0.74543,0.72922,False,False,False,True,True,True,False,False,False,False,True,True,2141.57520,58.15660,58.15660,2150.12988,10099.27148,7949.14160,3,4,,,,,,
1g13prot_1,1g13prot_1.cif,KLEEALASLPAEARAALLAGAEEVRETALKLGFSEETARKLAEGYLLFRAGVLTGDVELLKEAKKILEENRDALKALREANPRLAELQRYGTLAAIGVAAGAPLGAGIAALLAAP,KLEEALASLPAEARAALLAGAEEVRETALKLGFSEETARKLAEGYLLFRAGVLTGDVELLKEAKKILEENRDALKALREANPRLAELQRYGTLAAIGVAAGAPLGAGIAALLAAP,277,0,277.00000,277.00000,115,0.00000,0.08696,0.23478,0.00000,0.01739,0.03478,0.03478,0.03478,0.02609,0.01739,0.01739,0.19130,0.00000,0.00870,0.13043,0.06087,0.00000,0.01739,0.06957,0.01739,0.00000,0.16522,0.83478,0.00000,155,16,15,1,0,0,0,0,-1,0,0,,,0,,0.00000,0,-1,0,0,,,0,,0.00000,0,-1,0,0,,,0,,0.00000,0,-1,0,0,,,0,,0.00000,45,4,5,,,0,,0.00000,0,-1,0,0,,,0,,0.00000,-1,0,0,,1-89,15,,10.00000,0,-1,0,0,,,0,,0.00000,"ProtTrypx15(pos1-89,sev10); HydroPatch(pos45,sev5)",0.00000,0.00000,0.00000,0.00000,11.27787,11.27787,,,,False,False,False,False,0.00000,0.00000,100000.25000,100000.25000,0.00000,0.65040,0.00000,0.00000,0.00000,0.00000,0.00000,0.65040,False,False,False,False,False,False,False,False,False,False,False,False,1.03026,0.81679,0.82728,1.54657,1.54657,True,True,True,True,0.00000,18.95708,8.10343,8.10343,0.30547,0.53595,0.30547,0.30547,0.32530,0.30547,0.72950,0.63804,False,False,False,False,False,False,False,False,False,False,False,False,1406.83801,54.48090,54.48090,2100.37109,9814.11035,7713.73926,3,2,,,,,,
1g13prot_2,1g13prot_2.cif,GAIALLIAVALAVLTLAREALAELEKEGKLAELEELARKYLDRINKEAKKYTPCPLSLRGTLLGLALLMKLKKLTVEELEEELETDERVVEQVAGAALAVGLGATILLGAGG,GAIALLIAVALAVLTLAREALAELEKEGKLAELEELARKYLDRINKEAKKYTPCPLSLRGTLLGLALLMKLKKLTVEELEEELETDERVVEQVAGAALAVGLGATILLGAGG,274,0,274.00000,274.00000,112,0.00000,0.08929,0.16071,0.00893,0.00893,0.01786,0.05357,0.06250,0.03571,0.00893,0.01786,0.23214,0.00893,0.00893,0.14286,0.08036,0.00000,0.00000,0.04464,0.01786,0.00000,0.17857,0.82143,0.00000,165,18,15,3,0,0,0,0,69,1,5,,,0,,0.00000,0,-1,0,0,,,0,,0.00000,0,-1,0,0,,,0,,0.00000,0,-1,0,0,,,0,,0.00000,-1,0,0,,5-106,2,,5.00000,0,-1,0,0,,,0,,0.00000,-1,0,0,,18-88,14,,10.00000,0,-1,0,0,,,0,,0.00000,"ProtTrypx14(pos18-88,sev10); MetOx(pos69,sev5); HydroPatchx2(pos5-106,sev5); UnpairedCys(pos54,sev10)",0.00000,0.00000,0.00000,0.00000,6.40060,6.40060,,,,False,False,False,False,0.00000,0.00000,100000.25000,100000.25000,0.00000,0.70555,0.00000,0.00000,0.00000,0.00000,0.00000,0.70555,False,False,False,False,False,False,False,False,False,False,False,False,1.37533,1.00278,1.42762,1.66049,1.66049,True,True,True,True,0.00000,14.72643,6.37766,6.37766,0.40357,0.54726,0.40357,0.40357,0.41794,0.40357,0.66402,0.73220,False,False,False,False,False,False,False,False,False,False,False,False,2109.72412,61.35400,61.35400,2171.13525,9908.07031,7736.93506,7,2,1.00000,54.00000,1.00000,10.00000,,
1g13prot_3,1g13prot_3.cif,EVQLVESGGGLVQAGGSLRLSCAASGFTFSSYGMGWVRQAPGKGRELVATISNDGSNTYYADSVKGRFTISRDNAKNTLYLQMNSLRAEDTAVYYCARDRYGYGYYFDYWGQGTQVTVS,EVQLVESGGGLVQAGGSLRLSCAASGFTFSSYGMGWVRQAPGKGRELVATISNDGSNTYYADSVKGRFTISRDNAKNTLYLQMNSLRAEDTAVYYCARDRYGYGYYFDYWGQGTQVTVS,281,0,281.00000,281.00000,119,0.00000,0.13445,0.08403,0.01681,0.10084,0.00840,0.06723,0.07563,0.01681,0.04202,0.05042,0.06723,0.01681,0.05042,0.03361,0.02521,0.00000,0.03361,0.06723,0.09244,0.01681,0.46218,0.05042,0.48739,195,22,17,5,0,0,0,0,-1,0,0,,34-83,2,,5.00000,0,-1,0,0,,74-84,2,,10.00000,0,-1,0,0,,54-62,2,,10.00000,0,-1,0,0,,,0,,0.00000,-1,0,0,,79-105,3,,5.00000,0,-1,0,0,,,0,,0.00000,-1,0,0,,19-100,11,,10.00000,0,-1,0,0,,36-110,2,,10.00000,"AspBridgex2(pos74-84,sev10); AspCleavex2(pos54-62,sev10); ProtTrypx11(pos19-100,sev10); MetOxx2(pos34-83,sev5); TrpOxx2(pos36-110,sev10); HydroPatchx3(pos79-105,sev5)",0.00000,0.00000,0.00000,0.00000,0.63756,0.63756,,,,True,False,True,True,0.00000,0.00000,100000.25000,100000.25000,0.00000,0.76202,0.00000,0.00000,0.00000,0.00000,0.00000,0.76202,False,False,False,False,False,False,False,True,False,False,False,False,19.12346,0.74771,0.56227,58.06954,58.06954,False,False,True,True,0.00000,25.53687,18.85536,18.85536,0.13784,0.48175,0.13784,0.13784,0.14928,0.13784,0.74678,0.78246,False,False,False,False,False,False,False,True,False,False,False,False,303.61453,46.88250,46.88250,544.88086,9604.00781,9059.12695,0,1,,,,,,
1g13prot_4,1g13prot_4.cif,EVQVQQSGPSTVTAGESVKLSCAVSGGNFTNLVISWYRQAPGKPRELVAIILGNGNTGYADSVKGRFTISRDNSKSTVYLQMNSLRSEDVATYSCAASNEDDAIQIALLALLLLL,EVQVQQSGPSTVTAGESVKLSCAVSGGNFTNLVISWYRQAPGKPRELVAIILGNGNTGYADSVKGRFTISRDNSKSTVYLQMNSLRSEDVATYSCAASNEDDAIQIALLALLLLL,277,0,277.00000,277.00000,115,0.00000,0.07826,0.09565,0.01739,0.12174,0.02609,0.06087,0.08696,0.05217,0.06087,0.04348,0.11304,0.00870,0.05217,0.04348,0.03478,0.00000,0.01739,0.04348,0.03478,0.00870,0.37391,0.17391,0.45217,165,19,14,5,0,0,0,0,82,1,5,,,0,,0.00000,0,-1,0,0,,54-83,3,,10.00000,0,61,2,10,,,0,,0.00000,0,-1,0,0,,,0,,0.00000,-1,0,0,,32-111,4,,5.00000,0,-1,0,0,,,0,,0.00000,-1,0,0,,19-86,9,,10.00000,0,36,1,10,,,0,,0.00000,"AspBridgex3(pos54-83,sev10); AspCleave(pos61,sev10); ProtTrypx9(pos19-86,sev10); MetOx(pos82,sev5); TrpOx(pos36,sev10); HydroPatchx4(pos32-111,sev5)",0.00000,0.00000,0.00000,0.00000,3.47532,3.47532,,,,False,False,False,True,0.00000,0.00000,100000.25000,100000.25000,0.00000,0.71935,0.00000,0.00000,0.00000,0.00000,0.00000,0.71935,False,False,False,False,False,False,False,False,False,False,False,False,1.41447,0.91501,1.43141,2.09140,2.09140,True,True,True,True,0.00000,19.80680,6.46954,6.46954,0.40123,0.50690,0.40123,0.40123,0.40123,0.40123,0.68770,0.67997,False,False,False,False,False,False,False,False,False,False,False,False,1283.58118,50.92100,50.92100,1551.22607,9401.38965,7850.16357,2,1,,,,,,
1g13prot_5,1g13prot_5.cif,QVQLVESGGGLVQAGGSLRLSCAASGFNLSSYGMGWARQAPGKRGEGVAGITASGGGTGYADSVKGRFTISRDNSKNTVYLQMNSLKPEDTAVYYCVAGGSYGGGFGAAWGQGTQVTVS,QVQLVESGGGLVQAGGSLRLSCAASGFNLSSYGMGWARQAPGKRGEGVAGITASGGGTGYADSVKGRFTISRDNSKNTVYLQMNSLKPEDTAVYYCVAGGSYGGGFGAAWGQGTQVTVS,281,0,281.00000,281.00000,119,0.00000,0.21008,0.10084,0.01681,0.10924,0.01681,0.05882,0.08403,0.01681,0.03361,0.02521,0.05882,0.01681,0.05882,0.02521,0.03361,0.00000,0.02521,0.04202,0.05042,0.01681,0.44538,0.07563,0.47899,165,19,14,5,0,0,0,0,-1,0,0,,34-83,2,,5.00000,0,-1,0,0,,74-84,2,,10.00000,0,62,2,10,,,0,,0.00000,0,-1,0,0,,,0,,0.00000,-1,0,0,,79-93,2,,5.00000,0,1,1,5,,,0,,0.00000,-1,0,0,,19-87,9,,10.00000,0,-1,0,0,,36-110,2,,10.00000,"AspBridgex2(pos74-84,sev10); AspCleave(pos62,sev10); NTCycl(pos1,sev5); ProtTrypx9(pos19-87,sev10); MetOxx2(pos34-83,sev5); TrpOxx2(pos36-110,sev10); HydroPatchx2(pos79-93,sev5)",0.00000,0.00000,0.00000,0.00000,2.03053,2.03053,,,,True,False,False,True,0.00000,0.00000,100000.25000,100000.25000,0.00000,0.75303,0.00000,0.00000,0.00000,0.00000,0.00000,0.75303,False,False,False,False,False,False,False,True,False,False,False,False,12.66613,4.13412,0.71922,23.61520,23.61520,False,False,False,False,0.00000,22.46540,15.28208,15.28208,0.21461,0.50251,0.21461,0.21461,0.24117,0.21461,0.73138,0.77379,False,False,False,False,False,False,False,True,False,False,False,False,550.94501,41.16130,41.16130,1198.50879,9805.97363,8607.46484,3,0,,,,,,
1g13prot_6,1g13prot_6.cif,QIQLVESGGGLVQAGGSLRLSCAASPALTSSDAMGWSRQAPGKRGELVAEYPSGYVADSVKGRFTISRDTSKGTAYLQMNSLKSEDTALYYCAVGRRSGSGVAFYAGQGTQVTVS,QIQLVESGGGLVQAGGSLRLSCAASPALTSSDAMGWSRQAPGKRGELVAEYPSGYVADSVKGRFTISRDTSKGTAYLQMNSLKSEDTALYYCAVGRRSGSGVAFYAGQGTQVTVS,277,0,277.00000,277.00000,115,0.00000,0.13913,0.11304,0.01739,0.13913,0.02609,0.06087,0.07826,0.01739,0.00870,0.03478,0.07826,0.01739,0.06087,0.03478,0.03478,0.00000,0.01739,0.06087,0.05217,0.00870,0.40000,0.05217,0.54783,160,18,14,4,0,0,0,0,-1,0,0,,34-79,2,,5.00000,0,80,2,10,,,0,,0.00000,0,58,2,10,,,0,,0.00000,0,-1,0,0,,,0,,0.00000,89,3,5,,,0,,0.00000,0,1,1,5,,,0,,0.00000,-1,0,0,,19-97,11,,10.00000,0,36,1,10,,,0,,0.00000,"AspBridge(pos80,sev10); AspCleave(pos58,sev10); NTCycl(pos1,sev5); ProtTrypx11(pos19-97,sev10); MetOxx2(pos34-79,sev5); TrpOx(pos36,sev10); HydroPatch(pos89,sev5)",0.00000,0.00000,0.00000,0.00000,1.10483,1.10483,,,,True,False,True,True,0.00000,0.00000,100000.25000,100000.25000,0.00000,0.79519,0.00000,0.00000,0.00000,0.00000,0.00000,0.79519,False,False,False,False,False,False,False,True,False,False,False,False,7.04537,1.48114,1.06770,15.04567,15.04567,False,False,True,True,0.00000,20.51476,12.52835,12.52835,0.29119,0.53319,0.29119,0.29119,0.32928,0.29119,0.72319,0.74170,False,False,False,False,False,False,False,False,False,False,False,False,615.26257,41.76120,41.76120,742.13086,9707.34668,8965.21582,3,2,,,,,,
1g13prot_7,1g13prot_7.cif,AAAAALGAAAAAELYAFAATAAAAGGVVIGALAAFRLAAAGAGAFVTAGGAAARAAAAAVRAALGEMFAAVNAGDREAGKAAGLAARAAAAA,AAAAALGAAAAAELYAFAATAAAAGGVVIGALAAFRLAAAGAGAFVTAGGAAARAAAAAVRAALGEMFAAVNAGDREAGKAAGLAARAAAAA,254,0,254.00000,254.00000,92,0.00000,0.13043,0.53261,0.00000,0.00000,0.00000,0.02174,0.05435,0.01087,0.01087,0.01087,0.06522,0.01087,0.00000,0.03261,0.01087,0.00000,0.04348,0.05435,0.01087,0.00000,0.10870,0.89130,0.00000,85,10,7,3,0,0,0,0,67,1,5,,,0,,0.00000,0,72,2,10,,,0,,0.00000,0,-1,0,0,,,0,,0.00000,0,1,1,5,,,0,,0.00000,27,3,5,,,0,,0.00000,0,-1,0,0,,,0,,0.00000,-1,0,0,,36-87,6,,10.00000,0,-1,0,0,,,0,,0.00000,"AspBridge(pos72,sev10); ProtTrypx6(pos36-87,sev10); DPP4(pos1,sev5); MetOx(pos67,sev5); HydroPatch(pos27,sev5)",0.00000,0.00000,0.00000,0.00000,8.02302,8.02302,,,,False,False,False,False,0.00000,0.00000,100000.25000,100000.25000,0.00000,0.38992,0.00000,0.00000,0.00000,0.00000,0.00000,0.38992,False,False,False,False,False,False,False,False,False,False,False,False,4.30853,5.21292,1.02588,8.00066,8.00066,False,False,False,False,0.00000,14.07128,4.83106,4.83106,0.48547,0.63969,0.48547,0.48547,0.48547,0.48547,0.75281,0.62574,False,False,False,False,False,True,False,False,False,False,False,False,3276.16113,42.68360,42.68360,2012.00879,9805.27148,7793.26270,5,0,,,,,,
1g13prot_8,1g13prot_8.cif,VAAGLGGALGAIGGGGGVGGAAAAGAAGAGGLVGAIGAALGAAAGGAAAAGAGAALGGFRNPAAGTSGAAGAALAAAVPGGGAAIGLAAGAAAA,VAAGLGGALGAIGGGGGVGGAAAAGAAGAGGLVGAIGAALGAAAGGAAAAGAGAALGGFRNPAAGTSGAAGAALAAAVPGGGAAIGLAAGAAAA,256,0,256.00000,256.00000,94,0.00000,0.34043,0.43617,0.00000,0.01064,0.02128,0.01064,0.04255,0.03191,0.01064,0.00000,0.07447,0.00000,0.00000,0.00000,0.00000,0.00000,0.01064,0.01064,0.00000,0.00000,0.08511,0.91489,0.00000,10,1,1,0,0,0,0,0,-1,0,0,,,0,,0.00000,0,-1,0,0,,,0,,0.00000,0,-1,0,0,,,0,,0.00000,0,-1,0,0,,,0,,0.00000,-1,0,0,,,0,,0.00000,0,-1,0,0,,,0,,0.00000,60,1,10,,,0,,0.00000,0,-1,0,0,,,0,,0.00000,"ProtTryp(pos60,sev10)",0.00000,0.00000,0.00000,0.00000,8.56392,8.56392,,,,False,False,False,False,0.00000,0.00000,100000.25000,100000.25000,0.00000,0.29165,0.00000,0.00000,0.00000,0.00000,0.00000,0.29165,False,False,False,False,False,False,False,False,False,False,False,False,7.42467,11.16859,1.05423,12.60146,12.60146,False,False,False,False,0.00000,21.41774,13.84935,13.84935,0.19858,0.55871,0.19858,0.19858,0.19873,0.19858,0.76768,0.26543,False,False,False,False,False,False,False,False,False,False,False,False,2224.32422,36.14790,36.14790,1776.57617,9372.50000,7595.92383,5,1,,,,,,
1g13prot_9,1g13prot_9.cif,QVQLVESGGGLVQAGGSLRLSCAASGFSFSSYGISWVRQAPGKGREVVAGIGSGGNTGYAPSVKGRFTISADTSKNTAYLQMNSLKPEDTAVYYCATGGLGCAAGQPATSGCFPYWGQGTQVTVSS,QVQLVESGGGLVQAGGSLRLSCAASGFSFSSYGISWVRQAPGKGREVVAGIGSGGNTGYAPSVKGRFTISADTSKNTAYLQMNSLKPEDTAVYYCATGGLGCAAGQPATSGCFPYWGQGTQVTVSS,288,0,288.00000,288.00000,126,0.00000,0.17460,0.10317,0.03175,0.12698,0.03968,0.07143,0.07937,0.02381,0.02381,0.01587,0.05556,0.00794,0.06349,0.02381,0.03175,0.00000,0.03175,0.03175,0.04762,0.01587,0.50000,0.02381,0.47619,125,14,11,3,0,0,0,0,82,1,5,,,0,,0.00000,0,83,2,10,,,0,,0.00000,0,-1,0,0,,,0,,0.00000,0,-1,0,0,,,0,,0.00000,92,3,5,,,0,,0.00000,0,1,1,5,,,0,,0.00000,-1,0,0,,19-86,8,,10.00000,0,-1,0,0,,36-116,2,,10.00000,"AspBridge(pos83,sev10); NTCycl(pos1,sev5); ProtTrypx8(pos19-86,sev10); MetOx(pos82,sev5); TrpOxx2(pos36-116,sev10); HydroPatch(pos92,sev5)",0.00000,0.00000,0.00000,0.00000,1.45239,1.45239,,,,True,False,True,True,0.00000,0.00000,100000.25000,100000.25000,0.00000,0.75138,0.00000,0.00000,0.00000,0.00000,0.00000,0.75138,False,False,False,False,False,False,False,True,False,False,False,False,10.77833,1.41939,1.26413,33.95238,33.95238,False,False,True,True,0.00000,24.76093,18.23769,18.23769,0.14148,0.45759,0.14148,0.14148,0.14148,0.14148,0.71912,0.75202,False,False,False,False,False,False,False,True,False,False,False,False,302.05127,42.99870,42.99870,922.62109,9600.50781,8677.88672,2,0,,,,,,
